{
	"info": {
		"_postman_id": "140d7f1d-57be-41bc-9446-19c9d2100f30",
		"name": "cloud_computing",
		"schema": "https://schema.getpostman.com/json/collection/v2.1.0/collection.json"
	},
	"item": [
		{
			"name": "Add new stock",
			"request": {
				"method": "POST",
				"header": [],
				"body": {
					"mode": "raw",
					"raw": "{\"pk_stock_id\": 3,\r\n\"stock_name\": \"International Business Machines Corp\",\r\n\"stock_symbol\": \"IBM\"}",
					"options": {
						"raw": {
							"language": "json"
						}
					}
				},
				"url": {
					"raw": "http://ec2-54-173-33-136.compute-1.amazonaws.com:30339/stocks/add_stock",
					"protocol": "http",
					"host": [
						"ec2-54-173-33-136",
						"compute-1",
						"amazonaws",
						"com"
					],
					"port": "30339",
					"path": [
						"stocks",
						"add_stock"
					]
				}
			},
			"response": []
		},
		{
			"name": "Update stock",
			"request": {
				"method": "PUT",
				"header": [],
				"body": {
					"mode": "raw",
					"raw": "{\r\n    \"pk_stock_id\": \"3\",\r\n    \"stock_name\": \"IBM\"\r\n}",
					"options": {
						"raw": {
							"language": "json"
						}
					}
				},
				"url": {
					"raw": "http://ec2-54-173-33-136.compute-1.amazonaws.com:30339/stocks/update_stock/IBM",
					"protocol": "http",
					"host": [
						"ec2-54-173-33-136",
						"compute-1",
						"amazonaws",
						"com"
					],
					"port": "30339",
					"path": [
						"stocks",
						"update_stock",
						"IBM"
					]
				}
			},
			"response": []
		},
		{
			"name": "Delete stock",
			"request": {
				"method": "DELETE",
				"header": [],
				"url": {
					"raw": "http://ec2-54-173-33-136.compute-1.amazonaws.com:30339/stocks/delete_stock/IBM",
					"protocol": "http",
					"host": [
						"ec2-54-173-33-136",
						"compute-1",
						"amazonaws",
						"com"
					],
					"port": "30339",
					"path": [
						"stocks",
						"delete_stock",
						"IBM"
					]
				}
			},
			"response": []
		},
		{
			"name": "Get Home Page",
			"request": {
				"method": "GET",
				"header": [],
				"url": {
					"raw": "http://ec2-54-173-33-136.compute-1.amazonaws.com:30339",
					"protocol": "http",
					"host": [
						"ec2-54-173-33-136",
						"compute-1",
						"amazonaws",
						"com"
					],
					"port": "30339"
				}
			},
			"response": []
		},
		{
			"name": "Get all the stocks",
			"request": {
				"method": "GET",
				"header": [],
				"url": {
					"raw": "http://ec2-54-173-33-136.compute-1.amazonaws.com:30339/stocks",
					"protocol": "http",
					"host": [
						"ec2-54-173-33-136",
						"compute-1",
						"amazonaws",
						"com"
					],
					"port": "30339",
					"path": [
						"stocks"
					]
				}
			},
			"response": []
		},
		{
			"name": "Get a specific stock",
			"request": {
				"method": "GET",
				"header": [],
				"url": {
					"raw": "http://ec2-54-173-33-136.compute-1.amazonaws.com:30339/stocks/A",
					"protocol": "http",
					"host": [
						"ec2-54-173-33-136",
						"compute-1",
						"amazonaws",
						"com"
					],
					"port": "30339",
					"path": [
						"stocks",
						"A"
					]
				}
			},
			"response": []
		},
		{
			"name": "Search for stock symbol",
			"request": {
				"method": "GET",
				"header": [],
				"url": {
					"raw": "http://ec2-54-173-33-136.compute-1.amazonaws.com:30339/stocks/search/IBM",
					"protocol": "http",
					"host": [
						"ec2-54-173-33-136",
						"compute-1",
						"amazonaws",
						"com"
					],
					"port": "30339",
					"path": [
						"stocks",
						"search",
						"IBM"
					]
				}
			},
			"response": []
		},
		{
			"name": "Get stock information",
			"request": {
				"method": "GET",
				"header": [],
				"url": {
					"raw": "http://ec2-54-173-33-136.compute-1.amazonaws.com:30339/stocks/stock_data/IBM/TIME_SERIES_MONTHLY",
					"protocol": "http",
					"host": [
						"ec2-54-173-33-136",
						"compute-1",
						"amazonaws",
						"com"
					],
					"port": "30339",
					"path": [
						"stocks",
						"stock_data",
						"IBM",
						"TIME_SERIES_MONTHLY"
					]
				}
			},
			"response": []
		}
	]
}